item,price,region,like,chat,image
자전거 급하게 팔아요,"20,000원",인천 서구 청라2동,11,3,images/inc/incimg0.jpg
추피책 팔아용,"40,000원",인천 부평구 부평1동,6,18,images/inc/incimg1.jpg
매장정리합니다.,"1,000원","인천 연수구 송도동 월드마크 1,2 단지",14,4,images/inc/incimg2.jpg
월광보합 2900,"40,000원",인천 부평구 청천동,11,11,images/inc/incimg3.jpg
위닉스제습기13리터/일,"40,000원",인천 계양구 계양2동,2,15,images/inc/incimg4.jpg
신세계 상품권 30만원 판매 합니다,"270,000원",인천 부평구 청천1동,2,16,images/inc/incimg5.jpg
위닉스제습기 판매합니다,"30,000원","인천 미추홀구 도화2,3동",5,10,images/inc/incimg6.jpg
다이슨 공기청정기,"80,000원",인천 연수구 송도2동,8,13,images/inc/incimg7.jpg
에어프라이어. 세탁기. 가스레인지. 쇼파와 테이블. 가구 이사로 저렴힌게 비움 합니다.,,인천 부평구 산곡3동,3,20,images/inc/incimg8.jpg
플립2 화이트 *정상해지*,"100,000원",인천 미추홀구 주안8동,5,5,images/inc/incimg9.jpg
rx570 8g 판매합니다,"30,000원",인천 부평구 산곡4동,9,13,images/inc/incimg10.jpg
인조잔디 판매합니다,"10,000원",인천 서구 청라2동,6,9,images/inc/incimg11.jpg
냉장고~ 팝니다,"50,000원",인천 서구 검암경서동,6,3,images/inc/incimg12.jpg
lg냉장고,"50,000원",인천 서구 당하동,7,4,images/inc/incimg13.jpg
제습기,"120,000원",인천 부평구 부평6동,2,13,images/inc/incimg14.jpg
클라쎄182리터 냉장고팔아요,"80,000원",인천 남동구 만수5동,7,12,images/inc/incimg15.jpg
싸게 급처분합니다,"200,000원",인천 부평구 십정1동,5,10,images/inc/incimg16.jpg
갤A23,"150,000원",인천 서구 청라동,7,15,images/inc/incimg17.jpg
홈플러스250000원상품권 급처분,"210,000원",인천 남동구 구월4동,1,8,images/inc/incimg18.jpg
계곡 바베큐장+평상 예약 양도합니다(평일),"60,000원",인천 부평구 산곡동,20,16,images/inc/incimg19.jpg
제습기13리터 팝니다,"80,000원","인천 미추홀구 용현1,4동",5,10,images/inc/incimg20.jpg
몽클.스톱.발레시아가.등 여러종류있어요 문의주세요,,인천 미추홀구 학익2동,25,24,images/inc/incimg21.jpg
반건조오징어,"5,000원",인천 부평구 갈산1동,9,4,images/inc/incimg22.jpg
엘지냉장고 LG냉장고 4도어냉장고 팝니다,"60,000원",인천 서구 청라2동,8,5,images/inc/incimg23.jpg
냉장고,"50,000원",인천 부평구 부평동,10,4,images/inc/incimg24.jpg
친구가 접어준 종이 용 팝니다,"10,000원",인천 연수구 송도3동,8,2,images/inc/incimg25.jpg
코카콜라냉장고,"50,000원",인천 서구 가좌2동,11,8,images/inc/incimg26.jpg
가전제품 집기 처분합니다,555원,인천 미추홀구 주안8동,34,23,images/inc/incimg27.jpg
캠핑 롤 우드테이블 팔아요(새상품),"20,000원",인천 부평구 부평4동,60,25,images/inc/incimg28.jpg
LG TV  팔아요...,"50,000원",인천 서구 청라동,27,25,images/inc/incimg29.jpg
구찌 마몽  그로스백,"250,000원",인천 중구 중산동,37,22,images/inc/incimg30.jpg
이케아 헬메르 서랍장,"1,000원",인천 서구 신현동,4,5,images/inc/incimg31.jpg
5단앵글,"50,000원",인천 부평구 부평동,3,5,images/inc/incimg32.jpg
엘지 상냉장 하냉동 투도어 냉장고 판매합니다,"80,000원",인천 중구 운서동,2,5,images/inc/incimg33.jpg
테일러메이드 골프백,"50,000원",인천 서구 청라2동,7,3,images/inc/incimg34.jpg
스피드렉 철제렉 철제선반,"45,000원",인천 미추홀구 학익동,14,7,images/inc/incimg35.jpg
LG제습기,"50,000원",인천 미추홀구 주안동,0,9,images/inc/incimg36.jpg
메트로시티 토트백,"5,000원",인천 서구 검암경서동,4,3,images/inc/incimg37.jpg
전자레인지 팝니다.,"5,000원",인천 미추홀구 주안3동,3,6,images/inc/incimg38.jpg
헬렌카민스키 정품,"50,000원",인천 서구 청라동,3,6,images/inc/incimg39.jpg
사신다고 하신분 연락좀 주세용 ㅠㅠㅠㅠ,"40,000원",인천 부평구 부평5동,2,0,images/inc/incimg40.jpg
뭔지 모르지만 팜 스피커인 듯,"10,000원",인천 미추홀구 학익2동,10,6,images/inc/incimg41.jpg
성인장화,"3,000원",인천 미추홀구 문학동,11,4,images/inc/incimg42.jpg
히츠 7키로 미니건조기,"70,000원",인천 부평구 부개동,11,4,images/inc/incimg43.jpg
제빙기 판매,"150,000원",인천 남동구 도림동,16,32,images/inc/incimg44.jpg
캠핑웨건 3만원,"30,000원","인천 미추홀구 용현1,4동",9,6,images/inc/incimg45.jpg
냉장고 팔아요,"100,000원",인천 부평구 산곡3동,1,7,images/inc/incimg46.jpg
아이폰14pro,"950,000원",인천 계양구 계양3동,7,23,images/inc/incimg47.jpg
삼성 컴퓨터 모니터,"15,000원",인천 남동구 구월동,11,14,images/inc/incimg48.jpg
아이폰14프로팝니다,110만원,인천 연수구 송도1동,2,8,images/inc/incimg49.jpg
삼성 냉동고 판매합니다,"150,000원",인천 남동구 논현2동,4,4,images/inc/incimg50.jpg
철제선반,"10,000원",인천 부평구 산곡2동,18,9,images/inc/incimg51.jpg
장인한과 약과 1팩,"6,750원",인천 연수구 송도동,0,5,images/inc/incimg52.jpg
다이슨 청소기 팝니다,"10,000원",인천 부평구 부개2동,2,6,images/inc/incimg53.jpg
차량용 진공청소기,"2,000원",인천 중구 신흥동,5,8,images/inc/incimg54.jpg
코드제로A9,"30,000원",인천 부평구 삼산동,2,5,images/inc/incimg55.jpg
이옷 구매하신분 제가 살게요~,"25,000원",인천 서구 청라1동,0,0,images/inc/incimg56.jpg
위오스크린,"15,000원",인천 미추홀구 주안6동,26,25,images/inc/incimg57.jpg
BMW Z4 푸쉬카 자동차,"40,000원",인천 부평구 산곡동,3,6,images/inc/incimg58.jpg
갤럭시워치3,"20,000원",인천 미추홀구 용현동,7,5,images/inc/incimg59.jpg
구찌손가방,"40,000원",인천 연수구 동춘2동,5,5,images/inc/incimg60.jpg
육수냉장고,,인천 부평구 부개2동,2,16,images/inc/incimg61.jpg
야자매트,111만 1111원,인천 중구 연안동,19,16,images/inc/incimg62.jpg
삼성 인버터 제습기 15리터 팝니다,"100,000원",인천 서구 아라동,4,4,images/inc/incimg63.jpg
유선청소기,"1,000원",인천 남동구 구월동,3,6,images/inc/incimg64.jpg
mtb 자전거,"60,000원",인천 부평구 삼산2동,9,8,images/inc/incimg65.jpg
와이업 유모차,"10,000원",인천 연수구 송도동,6,2,images/inc/incimg66.jpg
"골프가방,보스턴백 팝니다.","50,000원",인천 연수구 동춘1동,17,16,images/inc/incimg67.jpg
세탁기.냉장고,"20,000원",인천 미추홀구 학익2동,1,5,images/inc/incimg68.jpg
벽걸이 에어컨,"100,000원",인천 서구 오류왕길동,3,8,images/inc/incimg69.jpg
헌터부츠,"60,000원",인천 연수구 송도2동,34,14,images/inc/incimg70.jpg
탁구 티셔츠 급처 합니다,"10,000원",인천 계양구 효성동,2,10,images/inc/incimg71.jpg
제빙기,"70,000원",인천 남동구 논현1동,4,7,images/inc/incimg72.jpg
에어팟프로 2세대 풀박스,"60,000원",인천 미추홀구 주안동,8,6,images/inc/incimg73.jpg
만원씩에 드립니다,"10,000원",인천 서구 청라동,4,2,images/inc/incimg74.jpg
삼성 제습기 팔어요,"80,000원","인천 미추홀구 용현1,4동",3,6,images/inc/incimg75.jpg
전자렌지,"10,000원",인천 서구 당하동,1,5,images/inc/incimg76.jpg
냉장고,"150,000원",인천 중구 신흥동,3,7,images/inc/incimg77.jpg
꽃,"10,000원",인천 남동구 남촌도림동,4,11,images/inc/incimg78.jpg
매일우유 멸균우유 23.09.10,"5,000원",인천 부평구 부평2동,0,5,images/inc/incimg79.jpg
갤럭시23 울트라 256기가,"830,000원",인천 계양구 계산3동,2,19,images/inc/incimg80.jpg
압력솥 팝니다,"10,000원",인천 서구 마전동,2,4,images/inc/incimg81.jpg
고투 캠핑용 의자판매합니다,"10,000원",인천 중구 운서동,4,11,images/inc/incimg82.jpg
LG 4도어 DIOS 870L 냉장고,"300,000원",인천 동구 화수2동,5,5,images/inc/incimg83.jpg
보드게임 일괄 가져가실분,나눔🧡,인천 부평구 부개동,2,6,images/inc/incimg84.jpg
카놀라유 / 올리고당 / 스팸,"2,000원",인천 부평구 삼산동,18,12,images/inc/incimg85.jpg
맥북 프로 2016 15인치,"200,000원",인천 계양구 계산3동,6,3,images/inc/incimg86.jpg
심플룸 교구장,"20,000원",인천 부평구 삼산2동,11,3,images/inc/incimg87.jpg
에어컨,"150,000원",인천 미추홀구 주안8동,5,9,images/inc/incimg88.jpg
게임기,"50,000원",인천 남동구 간석3동,4,5,images/inc/incimg89.jpg
LG 통돌이 세탁기 13KG,"60,000원",인천 부평구 부평6동,2,6,images/inc/incimg90.jpg
65인치 tv 프리즘,"150,000원",인천 서구 검암경서동,9,6,images/inc/incimg91.jpg
야마토야 식탁의자 팔아요~,"20,000원",인천 부평구 부평3동,11,6,images/inc/incimg92.jpg
위닉스 제습기 16L,"150,000원",인천 부평구 삼산2동,5,3,images/inc/incimg93.jpg
셀린느 시계,"39,000원",인천 미추홀구 용현동,13,2,images/inc/incimg94.jpg
amd 5600x  asus ex a320m gaming,"180,000원",인천 남동구 간석1동,3,5,images/inc/incimg95.jpg
미니냉장고 판매합니다.,"20,000원",인천 서구 가좌1동,4,5,images/inc/incimg96.jpg
선풍기(써큘레이터),"7,000원",인천 서구 석남2동,8,6,images/inc/incimg97.jpg
계산 임학 새 쌀 20kg,"35,000원",인천 계양구 계산2동,4,4,images/inc/incimg98.jpg
