 [
 {
  "item": "제습기 판매합니다^^",
  "price": "10,000원",
  "region": "경기도 파주시 운정3동",
  "like": 15,
  "chat": 44,
  "image": "images\/se\/seimg0.jpg"
 },
 {
  "item": "제습기",
  "price": "20,000원",
  "region": "경남 창원시 마산회원구 석전동",
  "like": 6,
  "chat": 32,
  "image": "images\/se\/seimg1.jpg"
 },
 {
  "item": "장마철 제습기 싸게 들여놓으세요",
  "price": "50,000원",
  "region": "대구 수성구 범어3동",
  "like": 14,
  "chat": 33,
  "image": "images\/se\/seimg2.jpg"
 },
 {
  "item": "명품 다 정리합니다",
  "price": "999만 9999원",
  "region": "울산 울주군 범서읍",
  "like": 43,
  "chat": 51,
  "image": "images\/se\/seimg3.jpg"
 },
 {
  "item": "제습기 판매합니다",
  "price": "50,000원",
  "region": "대전 서구 둔산2동",
  "like": 11,
  "chat": 34,
  "image": "images\/se\/seimg4.jpg"
 },
 {
  "item": "쿠쿠제습기",
  "price": "50,000원",
  "region": "전북 군산시 대야면",
  "like": 6,
  "chat": 36,
  "image": "images\/se\/seimg5.jpg"
 },
 {
  "item": "웅진제습기",
  "price": "50,000원",
  "region": "부산 수영구 남천제1동",
  "like": 31,
  "chat": 40,
  "image": "images\/se\/seimg6.jpg"
 },
 {
  "item": "냉동고 4년사용",
  "price": "50,000원",
  "region": "대구 수성구 고산2동",
  "like": 17,
  "chat": 18,
  "image": "images\/se\/seimg7.jpg"
 },
 {
  "item": "제습기 팝니다",
  "price": "90,000원",
  "region": "경기도 수원시 영통구 영통동",
  "like": 88,
  "chat": 119,
  "image": "images\/se\/seimg8.jpg"
 },
 {
  "item": "트레이더스 철제 랙 선반",
  "price": "10,000원",
  "region": "충남 아산시 배방읍",
  "like": 17,
  "chat": 20,
  "image": "images\/se\/seimg9.jpg"
 },
 {
  "item": "삼성제습기",
  "price": "50,000원",
  "region": "전북 군산시 소룡동",
  "like": 4,
  "chat": 24,
  "image": "images\/se\/seimg10.jpg"
 },
 {
  "item": "팬더 갈색 기타 팔어요",
  "price": "100,000원",
  "region": "서울 중구 남대문로5가",
  "like": 12,
  "chat": 33,
  "image": "images\/se\/seimg11.jpg"
 },
 {
  "item": "아이폰14프로 256기가 팔아요",
  "price": "500,000원",
  "region": "광주 서구 치평동",
  "like": 43,
  "chat": 113,
  "image": "images\/se\/seimg12.jpg"
 },
 {
  "item": "제습기",
  "price": "20,000원",
  "region": "경북 포항시 북구 용흥동",
  "like": 4,
  "chat": 18,
  "image": "images\/se\/seimg13.jpg"
 },
 {
  "item": "제습기",
  "price": "50,000원",
  "region": "전북 전주시 완산구 삼천3동",
  "like": 5,
  "chat": 22,
  "image": "images\/se\/seimg14.jpg"
 },
 {
  "item": "제습기 판매",
  "price": "70,000원",
  "region": "경남 진주시 천전동",
  "like": 6,
  "chat": 21,
  "image": "images\/se\/seimg15.jpg"
 },
 {
  "item": "나이키 운동화",
  "price": "10,000원",
  "region": "세종시  다정동",
  "like": 7,
  "chat": 47,
  "image": "images\/se\/seimg16.jpg"
 },
 {
  "item": "위닉스 DHD169 제습기 팝니다 16리터",
  "price": "70,000원",
  "region": "경기도 수원시 영통구 광교2동",
  "like": 5,
  "chat": 21,
  "image": "images\/se\/seimg17.jpg"
 },
 {
  "item": "애어팟 프로 2세대 2만원에 팔아요",
  "price": "20,000원",
  "region": "경기도 수원시 영통구 매탄3동",
  "like": 39,
  "chat": 162,
  "image": "images\/se\/seimg18.jpg"
 },
 {
  "item": "위닉스 16리터 제습기",
  "price": "90,000원",
  "region": "부산 강서구 명지2동",
  "like": 9,
  "chat": 18,
  "image": "images\/se\/seimg19.jpg"
 },
 {
  "item": "제습기.위닉스",
  "price": "50,000원",
  "region": "대구 동구 안심3.4동",
  "like": 3,
  "chat": 18,
  "image": "images\/se\/seimg20.jpg"
 },
 {
  "item": "갤럭시에스23울트라 새폰",
  "price": "289,000원",
  "region": "경기도 수원시 권선구 권선1동",
  "like": 9,
  "chat": 46,
  "image": "images\/se\/seimg21.jpg"
 },
 {
  "item": "울산서머페스티벌 티켓 양도",
  "price": "12원",
  "region": "울산 북구 염포동",
  "like": 1,
  "chat": 17,
  "image": "images\/se\/seimg22.jpg"
 },
 {
  "item": "냉동고",
  "price": "70,000원",
  "region": "경북 경산시 서부2동",
  "like": 19,
  "chat": 27,
  "image": "images\/se\/seimg23.jpg"
 },
 {
  "item": "에어팟 맥스",
  "price": "70,000원",
  "region": "서울 마포구 공덕동",
  "like": 11,
  "chat": 17,
  "image": "images\/se\/seimg24.jpg"
 },
 {
  "item": "마이크로킥보드맥시",
  "price": "52,000원",
  "region": "서울 은평구 응암동",
  "like": 4,
  "chat": 19,
  "image": "images\/se\/seimg25.jpg"
 },
 {
  "item": "김치냉장고  필요하신분",
  "price": "70,000원",
  "region": "경북 구미시 산동읍",
  "like": 18,
  "chat": 31,
  "image": "images\/se\/seimg26.jpg"
 },
 {
  "item": "LG제습기",
  "price": "50,000원",
  "region": "제주 제주시 한림읍",
  "like": 6,
  "chat": 44,
  "image": "images\/se\/seimg27.jpg"
 },
 {
  "item": "베트남동 판매해요",
  "price": "73,000원",
  "region": "경기도 용인시 수지구 죽전동",
  "like": 1,
  "chat": 17,
  "image": "images\/se\/seimg28.jpg"
 },
 {
  "item": "샤넬 디올 가방들 정리합니다",
  "price": "100원",
  "region": "서울 강남구 신사동",
  "like": 87,
  "chat": 46,
  "image": "images\/se\/seimg29.jpg"
 },
 {
  "item": "명품 다 정리합니다",
  "price": "999만 9999원",
  "region": "울산 울주군 범서읍",
  "like": 11,
  "chat": 35,
  "image": "images\/se\/seimg30.jpg"
 },
 {
  "item": "마이크로 킥보드 맥시",
  "price": "50,000원",
  "region": "경기도 성남시 분당구 정자동",
  "like": 4,
  "chat": 20,
  "image": "images\/se\/seimg31.jpg"
 },
 {
  "item": "스팸클래식",
  "price": "5,000원",
  "region": "경남 양산시 동면",
  "like": 1,
  "chat": 22,
  "image": "images\/se\/seimg32.jpg"
 },
 {
  "item": "이케아 트롤리 철제카트",
  "price": "10,000원",
  "region": "세종시  고운동",
  "like": 5,
  "chat": 15,
  "image": "images\/se\/seimg33.jpg"
 },
 {
  "item": "제습기",
  "price": "50,000원",
  "region": "경남 진주시 하대동",
  "like": 4,
  "chat": 18,
  "image": "images\/se\/seimg34.jpg"
 },
 {
  "item": "크록스 새제품팝니다",
  "price": "28,000원",
  "region": "부산 기장군 정관읍",
  "like": 14,
  "chat": 39,
  "image": "images\/se\/seimg35.jpg"
 },
 {
  "item": "삼성냉동고",
  "price": "50,000원",
  "region": "경기도 화성시 동탄1동",
  "like": 20,
  "chat": 15,
  "image": "images\/se\/seimg36.jpg"
 },
 {
  "item": "갤럭시워치5",
  "price": "110,000원",
  "region": "경기도 평택시 비전동",
  "like": 7,
  "chat": 17,
  "image": "images\/se\/seimg37.jpg"
 },
 {
  "item": "자전거 급하게 팔아요",
  "price": "20,000원",
  "region": "인천 서구 청라2동",
  "like": 11,
  "chat": 3,
  "image": "images\/se\/seimg38.jpg"
 },
 {
  "item": "위닉스 제습기 16L",
  "price": "90,000원",
  "region": "서울 용산구 한남동",
  "like": 10,
  "chat": 17,
  "image": "images\/se\/seimg39.jpg"
 },
 {
  "item": "위닉스 제습기",
  "price": "120,000원",
  "region": "경기도 부천시 중동",
  "like": 13,
  "chat": 28,
  "image": "images\/se\/seimg40.jpg"
 },
 {
  "item": "SEDEC 식탁세트판매",
  "price": "300,000원",
  "region": "경기도 성남시 분당구 정자동",
  "like": 54,
  "chat": 26,
  "image": "images\/se\/seimg41.jpg"
 },
 {
  "item": "가게 정리합니다",
  "price": "1,000원",
  "region": "울산 울주군 범서읍",
  "like": 4,
  "chat": 1,
  "image": "images\/se\/seimg42.jpg"
 },
 {
  "item": "갤럭시 S23 울트라 팝니다",
  "price": "238,000원",
  "region": "전북 군산시 조촌동",
  "like": 26,
  "chat": 84,
  "image": "images\/se\/seimg43.jpg"
 },
 {
  "item": "코렐12피스 새상품",
  "price": "10,000원",
  "region": "경기도 화성시 남양읍",
  "like": 8,
  "chat": 7,
  "image": "images\/se\/seimg44.jpg"
 },
 {
  "item": "삼성65인치 티비",
  "price": "100,000원",
  "region": "경기도 용인시 수지구 풍덕천2동",
  "like": 12,
  "chat": 11,
  "image": "images\/se\/seimg45.jpg"
 },
 {
  "item": "스팸, 리챔",
  "price": "1,000원",
  "region": "경남 창원시 마산회원구 내서읍",
  "like": 13,
  "chat": 14,
  "image": "images\/se\/seimg46.jpg"
 },
 {
  "item": "다이슨 선풍기",
  "price": "60,000원",
  "region": "경남 창원시 성산구 신촌동",
  "like": 8,
  "chat": 10,
  "image": "images\/se\/seimg47.jpg"
 },
 {
  "item": "보쉬 전동드릴",
  "price": "50,000원",
  "region": "서울 양천구 목1동",
  "like": 16,
  "chat": 12,
  "image": "images\/se\/seimg48.jpg"
 },
 {
  "item": "가져가주세요ㅠㅠ",
  "price": "5,000원",
  "region": "부산 서구 암남동",
  "like": 12,
  "chat": 7,
  "image": "images\/se\/seimg49.jpg"
 },
 {
  "item": "다이슨. 드라이기",
  "price": "150,000원",
  "region": "서울 동대문구 장안동",
  "like": 12,
  "chat": 13,
  "image": "images\/se\/seimg50.jpg"
 },
 {
  "item": "아몬드 키즈 풀빌라 양산 통도사점 숙박",
  "price": "200,000원",
  "region": "경남 양산시 하북면",
  "like": 47,
  "chat": 42,
  "image": "images\/se\/seimg51.jpg"
 },
 {
  "item": "전동 자전거 판매",
  "price": "50,000원",
  "region": "경기도 화성시 장지동",
  "like": 10,
  "chat": 4,
  "image": "images\/se\/seimg52.jpg"
 },
 {
  "item": "냉장고",
  "price": "70,000원",
  "region": "광주 북구 오치동",
  "like": 10,
  "chat": 12,
  "image": "images\/se\/seimg53.jpg"
 },
 {
  "item": "추피책 팔아용",
  "price": "40,000원",
  "region": "인천 부평구 부평1동",
  "like": 6,
  "chat": 18,
  "image": "images\/se\/seimg54.jpg"
 },
 {
  "item": "LG제습기",
  "price": "60,000원",
  "region": "제주 제주시 아라이동",
  "like": 4,
  "chat": 16,
  "image": "images\/se\/seimg55.jpg"
 },
 {
  "item": "코스트코 천막 판매",
  "price": "50,000원",
  "region": "경기도 광주시 곤지암읍",
  "like": 11,
  "chat": 2,
  "image": "images\/se\/seimg56.jpg"
 },
 {
  "item": "아임삭 드릴",
  "price": "70,000원",
  "region": "충남 아산시 배방읍",
  "like": 15,
  "chat": 8,
  "image": "images\/se\/seimg57.jpg"
 },
 {
  "item": "차량용 냉장고",
  "price": "5,000원",
  "region": "경기도 남양주시 진접읍",
  "like": 7,
  "chat": 14,
  "image": "images\/se\/seimg58.jpg"
 },
 {
  "item": "에어팟 5만원",
  "price": "50,000원",
  "region": "경기도 화성시 봉담읍",
  "like": 25,
  "chat": 40,
  "image": "images\/se\/seimg59.jpg"
 },
 {
  "item": "위닉스 제습기",
  "price": "5,000원",
  "region": "경기도 김포시 양촌읍",
  "like": 5,
  "chat": 7,
  "image": "images\/se\/seimg60.jpg"
 },
 {
  "item": "루이비통 벨트 판매",
  "price": "100,000원",
  "region": "경기도 평택시 비전동",
  "like": 15,
  "chat": 20,
  "image": "images\/se\/seimg61.jpg"
 },
 {
  "item": "아이폰 14 256기가 블루 급처 배터리 100%",
  "price": "500,000원",
  "region": "경기도 화성시 새솔동",
  "like": 11,
  "chat": 24,
  "image": "images\/se\/seimg62.jpg"
 },
 {
  "item": "급해요 ㅜㅜㅜ",
  "price": "1원",
  "region": "서울 노원구 상계10동",
  "like": 2,
  "chat": 3,
  "image": "images\/se\/seimg63.jpg"
 },
 {
  "item": "제습기 팝니다",
  "price": "30,000원",
  "region": "서울 은평구 구산동",
  "like": 8,
  "chat": 11,
  "image": "images\/se\/seimg64.jpg"
 },
 {
  "item": "매장정리합니다.",
  "price": "1,000원",
  "region": "인천 연수구 송도동 월드마크 1,2 단지",
  "like": 14,
  "chat": 4,
  "image": "images\/se\/seimg65.jpg"
 },
 {
  "item": "제습기",
  "price": "35,000원",
  "region": "경남 김해시 내동",
  "like": 3,
  "chat": 14,
  "image": "images\/se\/seimg66.jpg"
 },
 {
  "item": "이케아 철제 선반",
  "price": "2,000원",
  "region": "대구 달서구 호산동",
  "like": 4,
  "chat": 18,
  "image": "images\/se\/seimg67.jpg"
 },
 {
  "item": "위닉스 제습기 판매",
  "price": "80,000원",
  "region": "충북 충주시 용산동",
  "like": 6,
  "chat": 16,
  "image": "images\/se\/seimg68.jpg"
 },
 {
  "item": "엘지 제습기",
  "price": "70,000원",
  "region": "경기도 용인시 기흥구 보정동",
  "like": 8,
  "chat": 14,
  "image": "images\/se\/seimg69.jpg"
 },
 {
  "item": "선풍기",
  "price": "5,000원",
  "region": "광주 광산구 첨단1동",
  "like": 22,
  "chat": 47,
  "image": "images\/se\/seimg70.jpg"
 },
 {
  "item": "루이비통 팔찌 남자",
  "price": "110,000원",
  "region": "대전 서구 둔산2동",
  "like": 13,
  "chat": 23,
  "image": "images\/se\/seimg71.jpg"
 },
 {
  "item": "써큐레이터",
  "price": "10,000원",
  "region": "서울 도봉구 쌍문제1동",
  "like": 39,
  "chat": 29,
  "image": "images\/se\/seimg72.jpg"
 },
 {
  "item": "이사가면서 가전정리합니다(세탁기,장농 밥솥장 건조기)",
  "price": "30,000원",
  "region": "부산 수영구 망미제2동",
  "like": 16,
  "chat": 23,
  "image": "images\/se\/seimg73.jpg"
 },
 {
  "item": "선풍기",
  "price": "10,000원",
  "region": "제주 제주시 오라삼동",
  "like": 25,
  "chat": 45,
  "image": "images\/se\/seimg74.jpg"
 },
 {
  "item": "저진짜 돈이 급합니다 ㅠㅠ(세트형 구매)",
  "price": "440,000원",
  "region": "대구 북구 국우동",
  "like": 4,
  "chat": 8,
  "image": "images\/se\/seimg75.jpg"
 },
 {
  "item": "명품패딩 싸게 처분합니다",
  "price": "300,000원",
  "region": "세종시  도담동",
  "like": 5,
  "chat": 19,
  "image": "images\/se\/seimg76.jpg"
 },
 {
  "item": "에어팟 프로",
  "price": "나눔🧡",
  "region": "경남 양산시 남부동",
  "like": 23,
  "chat": 114,
  "image": "images\/se\/seimg77.jpg"
 },
 {
  "item": "루이비통 정품 가방 판매",
  "price": "50,000원",
  "region": "전남 목포시 이로동",
  "like": 12,
  "chat": 22,
  "image": "images\/se\/seimg78.jpg"
 },
 {
  "item": "2013위닉스 제습기",
  "price": "25,000원",
  "region": "경기도 안양시 동안구 관양동",
  "like": 3,
  "chat": 12,
  "image": "images\/se\/seimg79.jpg"
 },
 {
  "item": "미스비시예초기",
  "price": "50,000원",
  "region": "제주 제주시 애월읍",
  "like": 5,
  "chat": 6,
  "image": "images\/se\/seimg80.jpg"
 },
 {
  "item": "무료로드려요",
  "price": "나눔🧡",
  "region": "경기도 수원시 영통구 매탄동",
  "like": 1,
  "chat": 33,
  "image": "images\/se\/seimg81.jpg"
 },
 {
  "item": "파라솔",
  "price": "10,000원",
  "region": "강원도 원주시 단계동",
  "like": 3,
  "chat": 9,
  "image": "images\/se\/seimg82.jpg"
 },
 {
  "item": "코스트코 창고",
  "price": "300,000원",
  "region": "경기도 광주시 오포읍",
  "like": 44,
  "chat": 9,
  "image": "images\/se\/seimg83.jpg"
 },
 {
  "item": "컴퓨터 모니터 엘지전자 27인치",
  "price": "90,000원",
  "region": "서울 송파구 문정동",
  "like": 31,
  "chat": 24,
  "image": "images\/se\/seimg84.jpg"
 },
 {
  "item": "이사가는데 물품 정리 합니다",
  "price": "1,000원",
  "region": "대전 서구 둔산동",
  "like": 17,
  "chat": 62,
  "image": "images\/se\/seimg85.jpg"
 },
 {
  "item": "LG휘센 2in1에어컨(18평형)",
  "price": "50,000원",
  "region": "경기도 이천시 안흥동",
  "like": 9,
  "chat": 8,
  "image": "images\/se\/seimg86.jpg"
 },
 {
  "item": "(새거 한달씀) 아이폰13미니 스타라이트 128기가",
  "price": "450,000원",
  "region": "대구 북구 산격2동",
  "like": 5,
  "chat": 7,
  "image": "images\/se\/seimg87.jpg"
 },
 {
  "item": "알피쿨45",
  "price": "50,000원",
  "region": "경남 창원시 성산구 가음정동",
  "like": 9,
  "chat": 8,
  "image": "images\/se\/seimg88.jpg"
 },
 {
  "item": "LG 제습기",
  "price": "80,000원",
  "region": "경기도 용인시 수지구 죽전2동",
  "like": 9,
  "chat": 13,
  "image": "images\/se\/seimg89.jpg"
 },
 {
  "item": "스토케 트립트랩 하이체어",
  "price": "160,000원",
  "region": "서울 동대문구 용두동",
  "like": 5,
  "chat": 14,
  "image": "images\/se\/seimg90.jpg"
 },
 {
  "item": "아이폰 12 선입금 10만원 받고 잠수탔네요",
  "region": "경기도 고양시 덕양구 행신동",
  "like": 8,
  "chat": 17,
  "image": "images\/se\/seimg91.jpg"
 },
 {
  "item": "삼성모니터 TV겸용",
  "price": "50,000원",
  "region": "경남 창원시 의창구 팔용동",
  "like": 6,
  "chat": 14,
  "image": "images\/se\/seimg92.jpg"
 },
 {
  "item": "마샬 스피커",
  "price": "100,000원",
  "region": "서울 은평구 응암동",
  "like": 15,
  "chat": 11,
  "image": "images\/se\/seimg93.jpg"
 },
 {
  "item": "벽난로 콘솔 장식장 판매합니다 ! (오브제도 같이 드려요)",
  "price": "50,000원",
  "region": "제주 제주시 연동",
  "like": 19,
  "chat": 4,
  "image": "images\/se\/seimg94.jpg"
 },
 {
  "item": "b267sm LG 냉장고",
  "price": "100,000원",
  "region": "서울 강남구 대치4동",
  "like": 14,
  "chat": 22,
  "image": "images\/se\/seimg95.jpg"
 },
 {
  "item": "고압세차기",
  "price": "10,000원",
  "region": "충남 논산시 취암동",
  "like": 3,
  "chat": 5,
  "image": "images\/se\/seimg96.jpg"
 },
 {
  "item": "일렉기타 그레치 일렉트로매틱스G5422T",
  "price": "100,000원",
  "region": "대전 서구 탄방동",
  "like": 4,
  "chat": 17,
  "image": "images\/se\/seimg97.jpg"
 },
 {
  "item": "에어팟맥스 해외제품 판매합니다",
  "price": "150,000원",
  "region": "서울 용산구 신계동",
  "like": 38,
  "chat": 54,
  "image": "images\/se\/seimg98.jpg"
 }
]