item,price,region,like,chat,image
제습기 판매합니다^^,"10,000원",경기도 파주시 운정3동,15,44,images/se/seimg0.jpg
제습기,"20,000원",경남 창원시 마산회원구 석전동,6,32,images/se/seimg1.jpg
장마철 제습기 싸게 들여놓으세요,"50,000원",대구 수성구 범어3동,14,33,images/se/seimg2.jpg
명품 다 정리합니다,999만 9999원,울산 울주군 범서읍,43,51,images/se/seimg3.jpg
제습기 판매합니다,"50,000원",대전 서구 둔산2동,11,34,images/se/seimg4.jpg
쿠쿠제습기,"50,000원",전북 군산시 대야면,6,36,images/se/seimg5.jpg
웅진제습기,"50,000원",부산 수영구 남천제1동,31,40,images/se/seimg6.jpg
냉동고 4년사용,"50,000원",대구 수성구 고산2동,17,18,images/se/seimg7.jpg
제습기 팝니다,"90,000원",경기도 수원시 영통구 영통동,88,119,images/se/seimg8.jpg
트레이더스 철제 랙 선반,"10,000원",충남 아산시 배방읍,17,20,images/se/seimg9.jpg
삼성제습기,"50,000원",전북 군산시 소룡동,4,24,images/se/seimg10.jpg
팬더 갈색 기타 팔어요,"100,000원",서울 중구 남대문로5가,12,33,images/se/seimg11.jpg
아이폰14프로 256기가 팔아요,"500,000원",광주 서구 치평동,43,113,images/se/seimg12.jpg
제습기,"20,000원",경북 포항시 북구 용흥동,4,18,images/se/seimg13.jpg
제습기,"50,000원",전북 전주시 완산구 삼천3동,5,22,images/se/seimg14.jpg
제습기 판매,"70,000원",경남 진주시 천전동,6,21,images/se/seimg15.jpg
나이키 운동화,"10,000원",세종시  다정동,7,47,images/se/seimg16.jpg
위닉스 DHD169 제습기 팝니다 16리터,"70,000원",경기도 수원시 영통구 광교2동,5,21,images/se/seimg17.jpg
애어팟 프로 2세대 2만원에 팔아요,"20,000원",경기도 수원시 영통구 매탄3동,39,162,images/se/seimg18.jpg
위닉스 16리터 제습기,"90,000원",부산 강서구 명지2동,9,18,images/se/seimg19.jpg
제습기.위닉스,"50,000원",대구 동구 안심3.4동,3,18,images/se/seimg20.jpg
갤럭시에스23울트라 새폰,"289,000원",경기도 수원시 권선구 권선1동,9,46,images/se/seimg21.jpg
울산서머페스티벌 티켓 양도,12원,울산 북구 염포동,1,17,images/se/seimg22.jpg
냉동고,"70,000원",경북 경산시 서부2동,19,27,images/se/seimg23.jpg
에어팟 맥스,"70,000원",서울 마포구 공덕동,11,17,images/se/seimg24.jpg
마이크로킥보드맥시,"52,000원",서울 은평구 응암동,4,19,images/se/seimg25.jpg
김치냉장고  필요하신분,"70,000원",경북 구미시 산동읍,18,31,images/se/seimg26.jpg
LG제습기,"50,000원",제주 제주시 한림읍,6,44,images/se/seimg27.jpg
베트남동 판매해요,"73,000원",경기도 용인시 수지구 죽전동,1,17,images/se/seimg28.jpg
샤넬 디올 가방들 정리합니다,100원,서울 강남구 신사동,87,46,images/se/seimg29.jpg
명품 다 정리합니다,999만 9999원,울산 울주군 범서읍,11,35,images/se/seimg30.jpg
마이크로 킥보드 맥시,"50,000원",경기도 성남시 분당구 정자동,4,20,images/se/seimg31.jpg
스팸클래식,"5,000원",경남 양산시 동면,1,22,images/se/seimg32.jpg
이케아 트롤리 철제카트,"10,000원",세종시  고운동,5,15,images/se/seimg33.jpg
제습기,"50,000원",경남 진주시 하대동,4,18,images/se/seimg34.jpg
크록스 새제품팝니다,"28,000원",부산 기장군 정관읍,14,39,images/se/seimg35.jpg
삼성냉동고,"50,000원",경기도 화성시 동탄1동,20,15,images/se/seimg36.jpg
갤럭시워치5,"110,000원",경기도 평택시 비전동,7,17,images/se/seimg37.jpg
자전거 급하게 팔아요,"20,000원",인천 서구 청라2동,11,3,images/se/seimg38.jpg
위닉스 제습기 16L,"90,000원",서울 용산구 한남동,10,17,images/se/seimg39.jpg
위닉스 제습기,"120,000원",경기도 부천시 중동,13,28,images/se/seimg40.jpg
SEDEC 식탁세트판매,"300,000원",경기도 성남시 분당구 정자동,54,26,images/se/seimg41.jpg
가게 정리합니다,"1,000원",울산 울주군 범서읍,4,1,images/se/seimg42.jpg
갤럭시 S23 울트라 팝니다,"238,000원",전북 군산시 조촌동,26,84,images/se/seimg43.jpg
코렐12피스 새상품,"10,000원",경기도 화성시 남양읍,8,7,images/se/seimg44.jpg
삼성65인치 티비,"100,000원",경기도 용인시 수지구 풍덕천2동,12,11,images/se/seimg45.jpg
"스팸, 리챔","1,000원",경남 창원시 마산회원구 내서읍,13,14,images/se/seimg46.jpg
다이슨 선풍기,"60,000원",경남 창원시 성산구 신촌동,8,10,images/se/seimg47.jpg
보쉬 전동드릴,"50,000원",서울 양천구 목1동,16,12,images/se/seimg48.jpg
가져가주세요ㅠㅠ,"5,000원",부산 서구 암남동,12,7,images/se/seimg49.jpg
다이슨. 드라이기,"150,000원",서울 동대문구 장안동,12,13,images/se/seimg50.jpg
아몬드 키즈 풀빌라 양산 통도사점 숙박,"200,000원",경남 양산시 하북면,47,42,images/se/seimg51.jpg
전동 자전거 판매,"50,000원",경기도 화성시 장지동,10,4,images/se/seimg52.jpg
냉장고,"70,000원",광주 북구 오치동,10,12,images/se/seimg53.jpg
추피책 팔아용,"40,000원",인천 부평구 부평1동,6,18,images/se/seimg54.jpg
LG제습기,"60,000원",제주 제주시 아라이동,4,16,images/se/seimg55.jpg
코스트코 천막 판매,"50,000원",경기도 광주시 곤지암읍,11,2,images/se/seimg56.jpg
아임삭 드릴,"70,000원",충남 아산시 배방읍,15,8,images/se/seimg57.jpg
차량용 냉장고,"5,000원",경기도 남양주시 진접읍,7,14,images/se/seimg58.jpg
에어팟 5만원,"50,000원",경기도 화성시 봉담읍,25,40,images/se/seimg59.jpg
위닉스 제습기,"5,000원",경기도 김포시 양촌읍,5,7,images/se/seimg60.jpg
루이비통 벨트 판매,"100,000원",경기도 평택시 비전동,15,20,images/se/seimg61.jpg
아이폰 14 256기가 블루 급처 배터리 100%,"500,000원",경기도 화성시 새솔동,11,24,images/se/seimg62.jpg
급해요 ㅜㅜㅜ,1원,서울 노원구 상계10동,2,3,images/se/seimg63.jpg
제습기 팝니다,"30,000원",서울 은평구 구산동,8,11,images/se/seimg64.jpg
매장정리합니다.,"1,000원","인천 연수구 송도동 월드마크 1,2 단지",14,4,images/se/seimg65.jpg
제습기,"35,000원",경남 김해시 내동,3,14,images/se/seimg66.jpg
이케아 철제 선반,"2,000원",대구 달서구 호산동,4,18,images/se/seimg67.jpg
위닉스 제습기 판매,"80,000원",충북 충주시 용산동,6,16,images/se/seimg68.jpg
엘지 제습기,"70,000원",경기도 용인시 기흥구 보정동,8,14,images/se/seimg69.jpg
선풍기,"5,000원",광주 광산구 첨단1동,22,47,images/se/seimg70.jpg
루이비통 팔찌 남자,"110,000원",대전 서구 둔산2동,13,23,images/se/seimg71.jpg
써큐레이터,"10,000원",서울 도봉구 쌍문제1동,39,29,images/se/seimg72.jpg
"이사가면서 가전정리합니다(세탁기,장농 밥솥장 건조기)","30,000원",부산 수영구 망미제2동,16,23,images/se/seimg73.jpg
선풍기,"10,000원",제주 제주시 오라삼동,25,45,images/se/seimg74.jpg
저진짜 돈이 급합니다 ㅠㅠ(세트형 구매),"440,000원",대구 북구 국우동,4,8,images/se/seimg75.jpg
명품패딩 싸게 처분합니다,"300,000원",세종시  도담동,5,19,images/se/seimg76.jpg
에어팟 프로,나눔🧡,경남 양산시 남부동,23,114,images/se/seimg77.jpg
루이비통 정품 가방 판매,"50,000원",전남 목포시 이로동,12,22,images/se/seimg78.jpg
2013위닉스 제습기,"25,000원",경기도 안양시 동안구 관양동,3,12,images/se/seimg79.jpg
미스비시예초기,"50,000원",제주 제주시 애월읍,5,6,images/se/seimg80.jpg
무료로드려요,나눔🧡,경기도 수원시 영통구 매탄동,1,33,images/se/seimg81.jpg
파라솔,"10,000원",강원도 원주시 단계동,3,9,images/se/seimg82.jpg
코스트코 창고,"300,000원",경기도 광주시 오포읍,44,9,images/se/seimg83.jpg
컴퓨터 모니터 엘지전자 27인치,"90,000원",서울 송파구 문정동,31,24,images/se/seimg84.jpg
이사가는데 물품 정리 합니다,"1,000원",대전 서구 둔산동,17,62,images/se/seimg85.jpg
LG휘센 2in1에어컨(18평형),"50,000원",경기도 이천시 안흥동,9,8,images/se/seimg86.jpg
(새거 한달씀) 아이폰13미니 스타라이트 128기가,"450,000원",대구 북구 산격2동,5,7,images/se/seimg87.jpg
알피쿨45,"50,000원",경남 창원시 성산구 가음정동,9,8,images/se/seimg88.jpg
LG 제습기,"80,000원",경기도 용인시 수지구 죽전2동,9,13,images/se/seimg89.jpg
스토케 트립트랩 하이체어,"160,000원",서울 동대문구 용두동,5,14,images/se/seimg90.jpg
아이폰 12 선입금 10만원 받고 잠수탔네요,,경기도 고양시 덕양구 행신동,8,17,images/se/seimg91.jpg
삼성모니터 TV겸용,"50,000원",경남 창원시 의창구 팔용동,6,14,images/se/seimg92.jpg
마샬 스피커,"100,000원",서울 은평구 응암동,15,11,images/se/seimg93.jpg
벽난로 콘솔 장식장 판매합니다 ! (오브제도 같이 드려요),"50,000원",제주 제주시 연동,19,4,images/se/seimg94.jpg
b267sm LG 냉장고,"100,000원",서울 강남구 대치4동,14,22,images/se/seimg95.jpg
고압세차기,"10,000원",충남 논산시 취암동,3,5,images/se/seimg96.jpg
일렉기타 그레치 일렉트로매틱스G5422T,"100,000원",대전 서구 탄방동,4,17,images/se/seimg97.jpg
에어팟맥스 해외제품 판매합니다,"150,000원",서울 용산구 신계동,38,54,images/se/seimg98.jpg
