item,price,region,like,chat,image
웅진제습기,"50,000원",부산 수영구 남천제1동,31,40,images/bu/buimg0.jpg
위닉스 16리터 제습기,"90,000원",부산 강서구 명지2동,9,18,images/bu/buimg1.jpg
크록스 새제품팝니다,"28,000원",부산 기장군 정관읍,14,39,images/bu/buimg2.jpg
가져가주세요ㅠㅠ,"5,000원",부산 서구 암남동,12,7,images/bu/buimg3.jpg
"이사가면서 가전정리합니다(세탁기,장농 밥솥장 건조기)","30,000원",부산 수영구 망미제2동,16,23,images/bu/buimg4.jpg
헌터 레인부츠,"160,000원",부산 남구 대연제1동,17,20,images/bu/buimg5.jpg
이케아 점포정리,,부산 강서구 명지2동,21,23,images/bu/buimg6.jpg
베트남 동 팔아요~,"198,000원",부산 사하구 당리동,1,14,images/bu/buimg7.jpg
5단렉선반,"20,000원",부산 동래구 사직동,12,10,images/bu/buimg8.jpg
삼성공기청정기,"20,000원",부산 부산진구 부암제3동,4,5,images/bu/buimg9.jpg
참기름,"3,000원",부산 남구 대연제6동,7,17,images/bu/buimg10.jpg
베베드피노 모자,"15,000원",부산 부산진구 당감동,1,13,images/bu/buimg11.jpg
접이식 자전거,"10,000원",부산 해운대구 우동,6,8,images/bu/buimg12.jpg
에어팟 프로2,"80,000원",부산 수영구 망미동,12,11,images/bu/buimg13.jpg
갤럭시 S21,"280,000원",부산 부산진구 가야제1동,6,7,images/bu/buimg14.jpg
공기청정기겸 제습기,"35,000원",부산 사하구 괴정제2동,4,9,images/bu/buimg15.jpg
워치5 40미리 골프에디션,"150,000원",부산 부산진구 부전동,6,11,images/bu/buimg16.jpg
lg코드제로 청소기,"40,000원",부산 북구 구포동,11,1,images/bu/buimg17.jpg
먹태깡 새거 정가 판매합니다,"1,700원",부산 부산진구 전포동,4,7,images/bu/buimg18.jpg
다이슨 공기청정기,"100,000원",부산 동래구 온천동,9,5,images/bu/buimg19.jpg
테라스 파라솔+라탄테이블+의자,"130,000원",부산 강서구 명지1동,21,2,images/bu/buimg20.jpg
sk매직 전자레인지,"20,000원",부산 연제구 연산동,2,7,images/bu/buimg21.jpg
위닉스 제습기 17L 팝니다,"230,000원",부산 부산진구 개금제3동,6,7,images/bu/buimg22.jpg
쌀 팔아요,"6,000원",부산 부산진구 연지동,1,7,images/bu/buimg23.jpg
LG제습기 팝니다,"30,000원",부산 북구 금곡동,6,9,images/bu/buimg24.jpg
5단선반,"5,000원",부산 동구 초량동,9,13,images/bu/buimg25.jpg
lg 65인치 tv  부품용/수리해서 쓰실 분,"10,000원",부산 동구 범일동,8,5,images/bu/buimg26.jpg
접이식 자전거 판매합니다,"50,000원",부산 해운대구 우제3동,4,9,images/bu/buimg27.jpg
베베드피노 썬캡,"20,000원",부산 해운대구 우동,8,8,images/bu/buimg28.jpg
베트남동 판매,"120,000원",부산 금정구 부곡제2동,2,11,images/bu/buimg29.jpg
젝시오11 xxio 여자골프채 아이언세트(mp1100),"270,000원",부산 연제구 연산동,24,2,images/bu/buimg30.jpg
삼성 43인치 티비 팝니다,"150,000원",부산 해운대구 좌동,12,11,images/bu/buimg31.jpg
프라다 woc 루비노,"300,000원",부산 해운대구 재송제1동,25,5,images/bu/buimg32.jpg
갤럭시워치5,"150,000원",부산 해운대구 좌제3동,2,6,images/bu/buimg33.jpg
중소기업 65인치TV 팝니다,"40,000원",부산 기장군 정관읍,4,7,images/bu/buimg34.jpg
미니냉장고,"20,000원",부산 사상구 학장동,0,6,images/bu/buimg35.jpg
에어컨 냉난방기 팔아요 철거,,부산 동래구 온천제1동,2,14,images/bu/buimg36.jpg
건담,"20,000원",부산 연제구 거제제4동,3,4,images/bu/buimg37.jpg
여자 버버리 패딩 (완벽 깨끗 최상급 상태),"480,000원",부산 연제구 거제동,12,4,images/bu/buimg38.jpg
전자레인지/ 전자렌지 판매합니다!,"15,000원",부산 남구 대연제1동,2,5,images/bu/buimg39.jpg
크로우 도쿄나인 미니벨로 접이식자전거,"100,000원",부산 수영구 망미동,13,3,images/bu/buimg40.jpg
위닉스 제습기 10L팔아요,"150,000원",부산 북구 덕천동,88,79,images/bu/buimg41.jpg
엘지 냉장고,"10,000원",부산 부산진구 개금제3동,3,4,images/bu/buimg42.jpg
딥디크 롬브르단도 퍼퓸 (2023.07.07),"30,000원",부산 남구 대연제3동,5,3,images/bu/buimg43.jpg
삼성전자레인지,"15,000원",부산 중구 대청동,1,11,images/bu/buimg44.jpg
건조기,"50,000원",부산 사상구 괘법동,4,9,images/bu/buimg45.jpg
18k 금팔찌 팝니다,"235,000원",부산 수영구 망미제1동,4,9,images/bu/buimg46.jpg
보다나 판고데기,"15,000원",부산 연제구 거제제3동,6,8,images/bu/buimg47.jpg
영아다중,"20,000원",부산 해운대구 우동,2,6,images/bu/buimg48.jpg
골프연습매트,"10,000원",부산 기장군 정관읍,5,8,images/bu/buimg49.jpg
캐리어 10평형 에어컨 판매[5만],"50,000원",부산 부산진구 당감제4동,2,16,images/bu/buimg50.jpg
"인조잔디, 잔디매트","15,000원",부산 부산진구 부전제2동,10,9,images/bu/buimg51.jpg
자전거,"50,000원",부산 해운대구 반송동,3,11,images/bu/buimg52.jpg
스투시 티셔츠,"30,000원",부산 동래구 온천제1동,3,5,images/bu/buimg53.jpg
발렌시아가 후드티 사이즈 L,"150,000원",부산 북구 만덕동,13,13,images/bu/buimg54.jpg
헌터 레인부츠 37 사이즈,"30,000원",부산 북구 화명동,3,6,images/bu/buimg55.jpg
파파야나인 포르쉐 푸쉬카,"40,000원",부산 사하구 다대제1동,2,8,images/bu/buimg56.jpg
이케아 레르베리 남색 철제 선반,"17,000원",부산 연제구 연산제8동,3,3,images/bu/buimg57.jpg
위니아 제습기,"100,000원",부산 남구 대연동,4,12,images/bu/buimg58.jpg
삼성 무선청소기,"30,000원",부산 연제구 연산동,13,9,images/bu/buimg59.jpg
롯데워터파크 골드시즌 종일권팝니다 2인단위,"35,000원",부산 강서구 명지2동,21,22,images/bu/buimg60.jpg
아난티 힐튼 부산,"300,000원",부산 동래구 수민동,18,8,images/bu/buimg61.jpg
베베드피노모자,"10,000원",부산 사상구 괘법동,1,8,images/bu/buimg62.jpg
장농판매합니다,"50,000원",부산 연제구 연산제9동,3,4,images/bu/buimg63.jpg
전자렌지,"20,000원",부산 동래구 명륜동,13,11,images/bu/buimg64.jpg
"조말론 향수, 존 바바토스","10,000원",부산 남구 대연동,3,5,images/bu/buimg65.jpg
투명 접의식 의자 팝니다~~!!,"10,000원",부산 북구 덕천제2동,10,13,images/bu/buimg66.jpg
이사해서 정리합니다.,"30,000원",부산 서구 남부민동,2,2,images/bu/buimg67.jpg
만 엔 엔화 팝니다,"90,000원",부산 사하구 괴정제1동,0,6,images/bu/buimg68.jpg
55인치 UHD LED TV,"100,000원",부산 남구 문현제3동,3,7,images/bu/buimg69.jpg
위닉스 제습기,"160,000원",부산 부산진구 연지동,7,4,images/bu/buimg70.jpg
선풍기 팝니다,"10,000원",부산 해운대구 우제3동,6,10,images/bu/buimg71.jpg
포트메리온 접시세트.폴란드컵,"12,000원",부산 금정구 구서제1동,1,7,images/bu/buimg72.jpg
아우디 푸쉬카,"50,000원",부산 수영구 남천동,2,8,images/bu/buimg73.jpg
싸게팝니다,1원,부산 연제구 연산제8동,4,6,images/bu/buimg74.jpg
코렐 포크스티치 그릇,"10,000원",부산 기장군 정관읍,2,5,images/bu/buimg75.jpg
통돌이 세탁기 14kg,"50,000원",부산 사상구 학장동,1,8,images/bu/buimg76.jpg
자전거,"20,000원",부산 동래구 명륜동,5,2,images/bu/buimg77.jpg
펜션양도합니다.,"130,000원",부산 강서구 명지동,20,4,images/bu/buimg78.jpg
두나 리크 트라이크 세발자전거 (로얄블루),"50,000원",부산 해운대구 재송제1동,4,6,images/bu/buimg79.jpg
리안 바구니카시트,"10,000원",부산 부산진구 범천동,7,6,images/bu/buimg80.jpg
《이사처분》LG디오스 스탠드 김치냉장고,"380,000원",부산 북구 화명제1동,8,3,images/bu/buimg81.jpg
14k다이아 반지,"120,000원",부산 남구 용호제2동,2,4,images/bu/buimg82.jpg
프뢰벨 영아다중,"80,000원",부산 수영구 수영동,1,6,images/bu/buimg83.jpg
7/17 오늘 경주 풀빌라 양도 실내풀장,"100,000원",부산 연제구 연산제2동,6,4,images/bu/buimg84.jpg
로투스 250g 과자,"1,000원",부산 연제구 연산제5동,1,8,images/bu/buimg85.jpg
갤럭시 노트10 판매합니다,"150,000원",부산 부산진구 부암동,6,4,images/bu/buimg86.jpg
압력솥,"18,000원",부산 강서구 명지동,4,3,images/bu/buimg87.jpg
식당 업소용 싱크대 판매 (사이즈 많음),"30,000원",부산 연제구 거제동,43,31,images/bu/buimg88.jpg
마마미싱 USM-608,"15,000원",부산 강서구 명지1동,3,3,images/bu/buimg89.jpg
미니제습기팝니다,"30,000원",부산 부산진구 초읍동,3,3,images/bu/buimg90.jpg
원목테이블과 의자,"10,000원",부산 남구 대연제6동,12,9,images/bu/buimg91.jpg
모니터 팝니다,"20,000원",부산 연제구 연산동,4,6,images/bu/buimg92.jpg
냉장고,"50,000원",부산 기장군 정관읍,5,8,images/bu/buimg93.jpg
전자레인지,"30,000원",부산 남구 대연제3동,2,7,images/bu/buimg94.jpg
cb400브이택1원팜니다,"200,000원",부산 부산진구 부전제2동,29,45,images/bu/buimg95.jpg
퓨어코치 미니제습기,"14,000원",부산 기장군 일광읍,4,4,images/bu/buimg96.jpg
일룸 모션베드 (슈퍼싱글) 라텍스침대 판매합니다,"100,000원",부산 남구 감만제2동,10,7,images/bu/buimg97.jpg
