item,price,region,like,chat,image
아이폰14프로 256기가 팔아요,"500,000원",광주 서구 치평동,43,114,images/gj/gjimg0.jpg
냉장고,"70,000원",광주 북구 오치동,10,12,images/gj/gjimg1.jpg
선풍기,"5,000원",광주 광산구 첨단1동,22,47,images/gj/gjimg2.jpg
이동식에어컨,"590,000원",광주 북구 신안동,7,16,images/gj/gjimg3.jpg
미닛뮤트 실버,"30,000원",광주 서구 쌍촌동,15,9,images/gj/gjimg4.jpg
가져가세요ㅠㅠ,"10,000원",광주 서구 금호동,7,5,images/gj/gjimg5.jpg
캐리어 제습기 13리터 / CDH-1305DG,"130,000원",광주 북구 용봉동,8,9,images/gj/gjimg6.jpg
"오뚜기 잡채 , 라면사리","3,000원",광주 북구 용봉동,2,11,images/gj/gjimg7.jpg
미니 냉장고,"50,000원",광주 서구 치평동,18,11,images/gj/gjimg8.jpg
스터디카페 정리합니다,111원,광주 서구 유촌동,8,12,images/gj/gjimg9.jpg
목걸이 팔아요,"75,000원",광주 서구 화정3동,34,25,images/gj/gjimg10.jpg
냉장고,"180,000원",광주 서구 치평동,14,26,images/gj/gjimg11.jpg
써큘 레이터(선풍기) 입니다,"18,000원",광주 광산구 첨단1동,8,8,images/gj/gjimg12.jpg
TV75인치,"450,000원",광주 서구 치평동,33,35,images/gj/gjimg13.jpg
추피의 생활이야기 세이펜가능,"70,000원",광주 광산구 운남동,0,9,images/gj/gjimg14.jpg
갤럭시 s10+ 5g,"80,000원",광주 광산구 신창동,3,5,images/gj/gjimg15.jpg
먹태깡,"1,700원",광주 북구 신용동,4,6,images/gj/gjimg16.jpg
아이폰13프로맥스 128기가 실버,"890,000원",광주 광산구 월곡2동,5,10,images/gj/gjimg17.jpg
아이폰 14프로 딥퍼플 128기가,115만원,광주 북구 임동,5,9,images/gj/gjimg18.jpg
변산 리조트펜션(더웨스트) 7.22 토 숙박,"110,000원",광주 광산구 장덕동,26,9,images/gj/gjimg19.jpg
어린이 장구14-16 팔아요,"40,000원",광주 광산구 산정동,3,12,images/gj/gjimg20.jpg
야자매트  새물건 판매 합니다.   1M×10M,"71,500원",광주 북구 운암동,55,22,images/gj/gjimg21.jpg
이동식주택팝니다,1000만원,광주 북구 중흥3동,75,8,images/gj/gjimg22.jpg
어린이 자전거.3만,"30,000원",광주 서구 동천동,5,7,images/gj/gjimg23.jpg
LG 에어컨 2in1,"650,000원",광주 북구 양산동,4,7,images/gj/gjimg24.jpg
행거 선반 팝니다,"35,000원",광주 북구 연제동,21,9,images/gj/gjimg25.jpg
LG 디오스 냉장고 4도어 910리터,"350,000원",광주 서구 쌍촌동,6,6,images/gj/gjimg26.jpg
중흥골드스파 워터락 성수기 이용권 판매,"43,000원",광주 서구 치평동,4,8,images/gj/gjimg27.jpg
폴드2팔아요,"70,000원",광주 북구 운암1동,6,8,images/gj/gjimg28.jpg
골프 모자  타이틀리스트,"10,000원",광주 북구 양산동,9,4,images/gj/gjimg29.jpg
냉장고팝니다.배송해드립니다.,"330,000원",광주 북구 신안동,7,7,images/gj/gjimg30.jpg
현대오일뱅크상품권100만원 일괄93만원,"930,000원",광주 서구 치평동,0,7,images/gj/gjimg31.jpg
엘지 냉장고,"100,000원",광주 북구 일곡동,3,5,images/gj/gjimg32.jpg
맥푹프로 256GB,"350,000원",광주 동구 학운동,20,14,images/gj/gjimg33.jpg
6인용 탁자의자,"150,000원",광주 광산구 신창동,16,4,images/gj/gjimg34.jpg
표고버섯+검정콩)사진그대로)일괄판매요,"10,000원",광주 남구 봉선1동,8,1,images/gj/gjimg35.jpg
퀸센스 라면포트,나눔🧡,광주 서구 농성동,2,5,images/gj/gjimg36.jpg
진열대 최고상태팜니다,"40,000원",광주 광산구 장덕동,5,7,images/gj/gjimg37.jpg
노트20 울트라256,"130,000원",광주 서구 쌍촌동,3,5,images/gj/gjimg38.jpg
벤치 의자 팔아요,"5,000원",광주 서구 치평동,9,6,images/gj/gjimg39.jpg
창문형 에어컨,"60,000원",광주 광산구 도천동,4,7,images/gj/gjimg40.jpg
돌침대  무료로 가져가실분~^^,나눔🧡,광주 서구 금호2동,3,4,images/gj/gjimg41.jpg
이케아 유아 책상 의자,나눔🧡,광주 북구 우산동,5,8,images/gj/gjimg42.jpg
알톤 자전거 팔아요,"50,000원",광주 북구 중흥동,7,10,images/gj/gjimg43.jpg
수래 판매,"20,000원",광주 서구 쌍촌동,4,2,images/gj/gjimg44.jpg
모니터겸 티비팔아요,"10,000원",광주 광산구 월곡2동,2,4,images/gj/gjimg45.jpg
스터디카페 토즈 책상 시디즈 의자 테이블,"60,000원",광주 북구 운암동,16,11,images/gj/gjimg46.jpg
오디오,"15,000원",광주 서구 치평동,9,8,images/gj/gjimg47.jpg
버버리 티셔츠,"50,000원",광주 광산구 우산동,9,6,images/gj/gjimg48.jpg
텀블러,나눔🧡,광주 광산구 신가동,2,3,images/gj/gjimg49.jpg
셀린느 레인부츠,"230,000원",광주 광산구 우산동,26,5,images/gj/gjimg50.jpg
과자 판매합니당,"1,000원",광주 서구 상무2동,9,6,images/gj/gjimg51.jpg
식물 판매합니다,"30,000원",광주 광산구 쌍암동,16,14,images/gj/gjimg52.jpg
모과분재,"50,000원",광주 광산구 첨단2동,6,1,images/gj/gjimg53.jpg
타이틀리스트 골프가방 새상품,"80,000원",광주 광산구 월계동,1,6,images/gj/gjimg54.jpg
원목책장 회의테이블 의자,"100,000원",광주 광산구 수완동,3,3,images/gj/gjimg55.jpg
프라다백팩,"100,000원",광주 북구 연제동,5,3,images/gj/gjimg56.jpg
미니냉장고,"100,000원",광주 남구 월산5동,4,5,images/gj/gjimg57.jpg
테팔 무선청소기 팝니다.,"30,000원",광주 광산구 우산동,5,6,images/gj/gjimg58.jpg
광주 포세이돈 티켓,"150,000원",광주 서구 양동,9,6,images/gj/gjimg59.jpg
무쇠솥,"10,000원",광주 서구 치평동,2,1,images/gj/gjimg60.jpg
선반팜니다,"15,000원",광주 광산구 장덕동,2,3,images/gj/gjimg61.jpg
bmw푸쉬카 팔아요,"20,000원",광주 북구 신용동,3,9,images/gj/gjimg62.jpg
삼성 2in1 에어컨,"250,000원",광주 광산구 우산동,14,10,images/gj/gjimg63.jpg
스피커,"10,000원",광주 서구 상무2동,1,3,images/gj/gjimg64.jpg
식품건조기 (신일),나눔🧡,광주 남구 주월2동,3,6,images/gj/gjimg65.jpg
신세계상품권40만 모바일,"380,000원",광주 동구 산수1동,1,7,images/gj/gjimg66.jpg
무선 하이패스,"20,000원",광주 북구 운암2동,8,6,images/gj/gjimg67.jpg
신발장,"5,000원",광주 서구 상무2동,5,6,images/gj/gjimg68.jpg
영국앤틱  코너장,,광주 동구 학동,24,24,images/gj/gjimg69.jpg
에어컨,"200,000원",광주 광산구 신가동,2,6,images/gj/gjimg70.jpg
하이메이드냉장고,"200,000원",광주 광산구 산월동,3,4,images/gj/gjimg71.jpg
컴퓨터반본체,"60,000원",광주 광산구 월계동,6,10,images/gj/gjimg72.jpg
겐조 맨투맨 급매,"30,000원",광주 광산구 신창동,3,8,images/gj/gjimg73.jpg
겔럭시탭a7Lite,"100,000원",광주 북구 오치동,6,6,images/gj/gjimg74.jpg
위닉스 제습기,"230,000원",광주 광산구 신가동,18,11,images/gj/gjimg75.jpg
언노운 샤크모노 판매,"800,000원",광주 서구 쌍촌동,18,7,images/gj/gjimg76.jpg
간호사 코스튬,"30,000원",광주 북구 일곡동,16,2,images/gj/gjimg77.jpg
나주중흥골드스파 워터락 티켓판매합니다,"43,000원",광주 광산구 수완동,29,36,images/gj/gjimg78.jpg
신세계 상품권 33000원 팝니다,"25,000원",광주 북구 용봉동,2,5,images/gj/gjimg79.jpg
전기자전거,"100,000원",광주 동구 용산동,6,5,images/gj/gjimg80.jpg
갤럭시s20FE 5G 공기계,"90,000원",광주 광산구 소촌동,6,5,images/gj/gjimg81.jpg
보아르미니제습기,"20,000원",광주 광산구 우산동,2,5,images/gj/gjimg82.jpg
중흥골드스파,"42,000원",광주 남구 봉선동,73,67,images/gj/gjimg83.jpg
가스레인지 팔아요,"10,000원",광주 남구 주월2동,4,11,images/gj/gjimg84.jpg
아이폰 12 미니 128기가,"300,000원",광주 서구 화정동,10,15,images/gj/gjimg85.jpg
펜트리 시스템장 일체 양도(팝니다),"600,000원",광주 광산구 장덕동,10,6,images/gj/gjimg86.jpg
AMD A320m 메인보드 판매합니다,"30,000원",광주 서구 상무1동,9,2,images/gj/gjimg87.jpg
에어팟 프로 팔아요,"100,000원",광주 서구 화정3동,21,18,images/gj/gjimg88.jpg
삼성 냉장고 팝니다,"200,000원",광주 광산구 월계동,2,4,images/gj/gjimg89.jpg
LG제습기 새상품 DQ132PWXC,"360,000원",광주 북구 일곡동,9,7,images/gj/gjimg90.jpg
타이니러브 유모차모빌,"5,000원",광주 광산구 월곡동,2,6,images/gj/gjimg91.jpg
말본 지포어 타이틀리스트 pxg의류판매합니다,"22,222원",광주 남구 송하동,9,17,images/gj/gjimg92.jpg
애터미,"20,000원",광주 광산구 장덕동,7,1,images/gj/gjimg93.jpg
원터치 접이식 철재 선반,"30,000원",광주 북구 각화동,9,5,images/gj/gjimg94.jpg
프롬유샤워핸들시즌2,"30,000원",광주 광산구 우산동,1,5,images/gj/gjimg95.jpg
소나무원목 탁자,"20,000원",광주 북구 용봉동,2,2,images/gj/gjimg96.jpg
