item,price,region,like,chat,image
장마철 제습기 싸게 들여놓으세요,"50,000원",대구 수성구 범어3동,14,33,images/dg/dgimg0.jpg
냉동고 4년사용,"50,000원",대구 수성구 고산2동,17,18,images/dg/dgimg1.jpg
제습기.위닉스,"50,000원",대구 동구 안심3.4동,3,18,images/dg/dgimg2.jpg
이케아 철제 선반,"2,000원",대구 달서구 호산동,3,18,images/dg/dgimg3.jpg
저진짜 돈이 급합니다 ㅠㅠ(세트형 구매),"440,000원",대구 북구 국우동,4,8,images/dg/dgimg4.jpg
(새거 한달씀) 아이폰13미니 스타라이트 128기가,"450,000원",대구 북구 산격2동,5,7,images/dg/dgimg5.jpg
18k 팔찌,"25,000원",대구 달서구 송현동,29,37,images/dg/dgimg6.jpg
엘지제습기,"25,000원",대구 수성구 욱수동,3,6,images/dg/dgimg7.jpg
삼성바이러스닥터제습기,"130,000원",대구 달서구 감삼동,3,13,images/dg/dgimg8.jpg
콤프레샤 2.5마력,"50,000원",대구 달서구 죽전동,2,7,images/dg/dgimg9.jpg
베트남 동,"56,000원",대구 달서구 이곡1동,0,9,images/dg/dgimg10.jpg
코렐 그릇,"50,000원",대구 수성구 범어동,7,4,images/dg/dgimg11.jpg
남은 페소 팝니다,"97,000원",대구 동구 효목동,0,13,images/dg/dgimg12.jpg
나이키 운동화,"20,000원",대구 남구 대명동,4,13,images/dg/dgimg13.jpg
티비+티비하부장,"50,000원",대구 달서구 감삼동,2,15,images/dg/dgimg14.jpg
제습기,"200,000원",대구 북구 태전동,9,14,images/dg/dgimg15.jpg
500리터 냉장고 팝니다.,"150,000원",대구 서구 내당2.3동,2,10,images/dg/dgimg16.jpg
3단 파티션(화이트원목),"25,000원",대구 수성구 신매동,10,10,images/dg/dgimg17.jpg
샤넬카드지갑,"50,000원",대구 수성구 황금동,8,9,images/dg/dgimg18.jpg
사진에 보이는거 전부 판매,10원,대구 남구 대명2동,17,19,images/dg/dgimg19.jpg
업소용 35인 밥솥,"30,000원",대구 달서구 두류동,4,11,images/dg/dgimg20.jpg
위닉스 10리터 제습기 팝니다,"60,000원",대구 달서구 대곡동,1,10,images/dg/dgimg21.jpg
아기사랑세탁기,"70,000원",대구 북구 사수동,8,8,images/dg/dgimg22.jpg
이케아 철제 선반 레르베리 선반,"25,000원",대구 동구 신천동,5,9,images/dg/dgimg23.jpg
아이폰 12 그린,"350,000원",대구 달서구 두류3동,3,8,images/dg/dgimg24.jpg
기타 가져가세요 ~,"15,000원",대구 중구 남산4동,3,5,images/dg/dgimg25.jpg
잔디깍기 기계 팔아요,"100,000원",대구 달성군 가창면,9,4,images/dg/dgimg26.jpg
카누커피,"18,000원",대구 달성군 화원읍,8,19,images/dg/dgimg27.jpg
예전에 샀던 기타판매합니다,"20,000원",대구 남구 봉덕1동,5,7,images/dg/dgimg28.jpg
디월트 10.8볼트 충전 컷쏘 dcs310,"30,000원",대구 동구 신암1동,5,5,images/dg/dgimg29.jpg
먹태깡 6봉지,"4,000원",대구 남구 대명3동,2,24,images/dg/dgimg30.jpg
내친구 과학공룡 판매해요~,"120,000원",대구 남구 봉덕동,5,9,images/dg/dgimg31.jpg
자전거 판매합니다,"10,000원",대구 북구 사수동,3,4,images/dg/dgimg32.jpg
스쿳앤라이드 킥1 애쉬,"50,000원",대구 중구 대신동,3,7,images/dg/dgimg33.jpg
갤럭시 노트8,"30,000원",대구 달서구 송현동,10,12,images/dg/dgimg34.jpg
파파야나인 푸쉬카 (캐노피포함),"25,000원",대구 달서구 상인1동,9,5,images/dg/dgimg35.jpg
노브랜드 짜장라면 유통기간 임박 판매,"7,000원",대구 서구 내당4동,3,5,images/dg/dgimg36.jpg
베베드피노상하복팔아요,"20,000원",대구 달서구 용산동,10,8,images/dg/dgimg37.jpg
엔화 3만2천엔 팝니다,2929만 2929원,대구 중구 동인동,0,7,images/dg/dgimg38.jpg
펜션양도,"170,000원",대구 동구 사복동,21,9,images/dg/dgimg39.jpg
마이크로킥보드 맥시,"60,000원",대구 달서구 유천동,0,8,images/dg/dgimg40.jpg
삼성 에어컨 1등급 판매,"300,000원",대구 중구 남산3동,19,20,images/dg/dgimg41.jpg
65인치tv,"50,000원",대구 남구 봉덕3동,3,2,images/dg/dgimg42.jpg
이사 가서 다 팔아요,"20,000원",대구 수성구 범어2동,14,6,images/dg/dgimg43.jpg
야외용 의자 테이블 세트,"30,000원",대구 수성구 파동,11,4,images/dg/dgimg44.jpg
아이패드미니5세대64wifi,"50,000원",대구 남구 봉덕3동,5,4,images/dg/dgimg45.jpg
화분다이,"2,000원",대구 달서구 상인2동,6,1,images/dg/dgimg46.jpg
아기 자동차 푸쉬카,"10,000원",대구 달서구 두류1.2동,3,6,images/dg/dgimg47.jpg
집 가구,"650,000원",대구 달성군 다사읍,2,12,images/dg/dgimg48.jpg
침대프레임,"30,000원",대구 서구 평리동,6,9,images/dg/dgimg49.jpg
삼성 갤럭시탭 S7 128GB WIFI 모델 팝니다.(FE 제품 아닙니다.),"300,000원",대구 수성구 범물2동,2,5,images/dg/dgimg50.jpg
방금 산 싱싱한 먹태깡!!,"6,000원",대구 수성구 황금동,2,7,images/dg/dgimg51.jpg
상태좋은전자렌지,"30,000원",대구 남구 대명1동,11,17,images/dg/dgimg52.jpg
쿠잉 미니 냉장고 (156L 냉장고),"180,000원",대구 남구 대명동,15,8,images/dg/dgimg53.jpg
삼성tv,"150,000원",대구 달서구 두류1.2동,4,7,images/dg/dgimg54.jpg
각종 티팟정리,111만 1111원,대구 수성구 범어3동,6,16,images/dg/dgimg55.jpg
원목 캣타워 팝니다,"20,000원",대구 동구 신천3동,5,7,images/dg/dgimg56.jpg
외장하드 일괄판매합니다,"20,000원",대구 북구 서변동,7,4,images/dg/dgimg57.jpg
위닉스 제습기,"150,000원",대구 달서구 파호동,12,8,images/dg/dgimg58.jpg
풍년압력솥 6인용,"10,000원",대구 수성구 황금동,1,5,images/dg/dgimg59.jpg
자연산 강자갈,,대구 달서구 성당동,9,18,images/dg/dgimg60.jpg
바오바오,"80,000원",대구 동구 불로.봉무동,13,8,images/dg/dgimg61.jpg
갤럭시 s21 블랙 256g 팝니다,"240,000원",대구 중구 남산1동,5,8,images/dg/dgimg62.jpg
소금판매합니다,"15,000원",대구 북구 검단동,15,11,images/dg/dgimg63.jpg
삼성 통돌이 세탁기,"100,000원",대구 서구 평리5동,6,7,images/dg/dgimg64.jpg
구운계란,"10,000원",대구 북구 태전동,3,4,images/dg/dgimg65.jpg
창고정리 아기 백일드레스 돌드레스 백일한복 돌 한복,"3,000원",대구 동구 신천3동,36,28,images/dg/dgimg66.jpg
갤럭시 S21울트라 5G 판매,"290,000원",대구 동구 신암2동,8,8,images/dg/dgimg67.jpg
젝시오 XXIO 골프백 캐디백 블랙,"90,000원",대구 동구 효목동,18,9,images/dg/dgimg68.jpg
노래방기기,,대구 달성군 다사읍,4,13,images/dg/dgimg69.jpg
lg 냉장고 팔아요.,"250,000원",대구 수성구 노변동,19,13,images/dg/dgimg70.jpg
참기름,"5,000원",대구 달서구 월성동,0,7,images/dg/dgimg71.jpg
위니아 제습기 팔아요~ (wdh-164cfwt),"70,000원",대구 북구 복현1동,3,8,images/dg/dgimg72.jpg
낚시 파라솔 각도기 팝니다,"20,000원",대구 달서구 용산1동,2,5,images/dg/dgimg73.jpg
지갑,"50,000원",대구 수성구 황금동,9,10,images/dg/dgimg74.jpg
제주도 2박 3일 여행티켓(2인),"50,000원",대구 달성군 다사읍,16,6,images/dg/dgimg75.jpg
갤럭시노트10 싸게 팝니다,"130,000원",대구 북구 침산동,14,7,images/dg/dgimg76.jpg
티파니반지,"30,000원",대구 달성군 다사읍,34,14,images/dg/dgimg77.jpg
디올  미니어쳐향수,"18,000원",대구 동구 신천4동,12,3,images/dg/dgimg78.jpg
삼성 전자렌지 판매합니다,"40,000원",대구 중구 대봉동,2,7,images/dg/dgimg79.jpg
냉장고 에어컨,"50,000원",대구 북구 침산동,2,4,images/dg/dgimg80.jpg
이사갑니다~완전!!급처리!!!,"30,000원",대구 수성구 범어3동,24,6,images/dg/dgimg81.jpg
압력솥,"15,000원",대구 수성구 범어2동,27,15,images/dg/dgimg82.jpg
플스4 프로 싸게 처분합니다,"130,000원",대구 동구 신천1.2동,2,5,images/dg/dgimg83.jpg
마이크로 맥시 퀵보드,"80,000원",대구 달서구 도원동,1,6,images/dg/dgimg84.jpg
새상품) 이불,"15,000원",대구 수성구 상동,6,5,images/dg/dgimg85.jpg
Lg 코드제로,"100,000원",대구 달성군 다사읍,30,2,images/dg/dgimg86.jpg
페소,"270,000원",대구 동구 신천동,0,6,images/dg/dgimg87.jpg
18k팔찌 1.55돈,"390,000원",대구 중구 남산2동,22,2,images/dg/dgimg88.jpg
갤럭시z폴드1 팔아요,"250,000원",대구 남구 대명1동,8,6,images/dg/dgimg89.jpg
디월트 임팩드릴,"70,000원",대구 남구 이천동,11,1,images/dg/dgimg90.jpg
마켓비 철제수납함,"5,000원",대구 달서구 도원동,7,5,images/dg/dgimg91.jpg
입생로랑 카드지갑,"90,000원",대구 북구 산격동,18,6,images/dg/dgimg92.jpg
이불 배게 5천원,"5,000원",대구 수성구 사월동,1,3,images/dg/dgimg93.jpg
겔럭시노트20울트라5g,"380,000원",대구 서구 평리6동,9,12,images/dg/dgimg94.jpg
쇼파 팔아용,"50,000원",대구 수성구 범어2동,15,14,images/dg/dgimg95.jpg
성능 매우좋고 예쁘고 깨끗한 노트북팝니다,"200,000원",대구 서구 내당4동,21,6,images/dg/dgimg96.jpg
